{
  "best_xgb_params": {
    "GOES": {
      "n_estimators": 100,
      "max_depth": 7,
      "learning_rate": 0.1,
      "subsample": 0.9,
      "colsample_bytree": 0.7,
      "min_child_weight": 1,
      "reg_alpha": 0.1,
      "reg_lambda": 1.0
    },
    "HEL1OS": {
      "n_estimators": 100,
      "max_depth": 3,
      "learning_rate": 0.05,
      "subsample": 0.9,
      "colsample_bytree": 0.7,
      "min_child_weight": 1,
      "reg_alpha": 1.0,
      "reg_lambda": 2.0
    },
    "SHARP": {
      "n_estimators": 400,
      "max_depth": 7,
      "learning_rate": 0.1,
      "subsample": 0.9,
      "colsample_bytree": 0.7,
      "min_child_weight": 1,
      "reg_alpha": 0.1,
      "reg_lambda": 2.0
    },
    "SOLEXS": {
      "n_estimators": 200,
      "max_depth": 3,
      "learning_rate": 0.1,
      "subsample": 0.9,
      "colsample_bytree": 0.8,
      "min_child_weight": 1,
      "reg_alpha": 0.0,
      "reg_lambda": 2.0
    }
  },
  "best_meta_C": 0.5,
  "best_threshold": 0.7900000000000001,
  "results": {
    "GOES": {
      "tss_mean": 0.8555555555555555,
      "tss_std": 0.1594744454934147,
      "auc_mean": 0.9203703703703704,
      "pod_mean": 0.8555555555555555,
      "f1_mean": 0.9132467532467533
    },
    "HEL1OS": {
      "tss_mean": 0.788888888888889,
      "tss_std": 0.1968893905185483,
      "auc_mean": 0.874074074074074,
      "pod_mean": 0.8555555555555555,
      "f1_mean": 0.9107157345696899
    },
    "SHARP": {
      "tss_mean": 1.0,
      "tss_std": 0.0,
      "auc_mean": 1.0,
      "pod_mean": 1.0,
      "f1_mean": 1.0
    },
    "SOLEXS": {
      "tss_mean": 0.9222222222222222,
      "tss_std": 0.10886621079036347,
      "auc_mean": 0.9481481481481481,
      "pod_mean": 0.9222222222222222,
      "f1_mean": 0.9559772296015179
    },
    "Stacked_4exp": {
      "tss_mean": 0.9333333333333333,
      "tss_std": 0.13333333333333333,
      "auc_mean": 1.0,
      "pod_mean": 1.0,
      "f1_mean": 0.9945945945945945
    }
  }
}