{
  "PRADHAN (XGBoost)": {
    "auc": 0.9033740503500671,
    "pr_auc": 0.6255307280686925,
    "brier": 0.017594754695892334,
    "brier_climatological": 0.03397143423923825,
    "optimal_threshold": 0.00010577245120657608,
    "tss": 0.6744525547445256,
    "hss": 0.1321996484486776,
    "pod": 0.9857142857142858,
    "pofd": 0.3112617309697602,
    "csi": 0.10344827586206896,
    "n_samples": 1988.0,
    "n_positive_true": 70.0,
    "n_positive_pred": 666.0,
    "event_rate": 0.035211267605633804
  },
  "Random (Base Rate)": {
    "auc": 0.5,
    "pr_auc": 0.5176056338028169,
    "brier": 0.19952987478873238,
    "brier_climatological": 0.03397143423923825,
    "optimal_threshold": Infinity,
    "tss": 0.0,
    "hss": 0.0,
    "pod": 0.0,
    "pofd": 0.0,
    "csi": 0.0,
    "n_samples": 1988.0,
    "n_positive_true": 70.0,
    "n_positive_pred": 0.0,
    "event_rate": 0.035211267605633804
  },
  "Persistence": {
    "auc": 0.9925964546402501,
    "pr_auc": 0.9859657947686117,
    "brier": 0.001006036217303823,
    "brier_climatological": 0.03397143423923825,
    "optimal_threshold": 1.0,
    "tss": 0.9851929092805005,
    "hss": 0.9851929092805005,
    "pod": 0.9857142857142858,
    "pofd": 0.0005213764337851929,
    "csi": 0.971830985915493,
    "n_samples": 1988.0,
    "n_positive_true": 70.0,
    "n_positive_pred": 70.0,
    "event_rate": 0.035211267605633804
  },
  "Climatology": {
    "auc": 0.5,
    "pr_auc": 0.5176056338028169,
    "brier": 0.19952987478873238,
    "brier_climatological": 0.03397143423923825,
    "optimal_threshold": Infinity,
    "tss": 0.0,
    "hss": 0.0,
    "pod": 0.0,
    "pofd": 0.0,
    "csi": 0.0,
    "n_samples": 1988.0,
    "n_positive_true": 70.0,
    "n_positive_pred": 0.0,
    "event_rate": 0.035211267605633804
  },
  "NOAA-style": {
    "auc": 0.5,
    "pr_auc": 0.5176056338028169,
    "brier": 0.47591549295774654,
    "brier_climatological": 0.03397143423923825,
    "optimal_threshold": Infinity,
    "tss": 0.0,
    "hss": 0.0,
    "pod": 0.0,
    "pofd": 0.0,
    "csi": 0.0,
    "n_samples": 1988.0,
    "n_positive_true": 70.0,
    "n_positive_pred": 0.0,
    "event_rate": 0.035211267605633804
  }
}