{
  "goes18_evaluation": {
    "total_samples": 88970,
    "positive_samples": 54401,
    "threshold": 0.36492645740509033,
    "TSS": 0.41366275978098,
    "POD": 0.9580522416867338,
    "POFD": 0.5443894819057538,
    "HSS": 0.34710032511340627,
    "precision": 0.7347120020299417,
    "recall": 0.9580522416867338,
    "F1": 0.8316485690806533,
    "AUC": 0.9198035604040855,
    "confusion_matrix": {
      "TN": 15750,
      "FP": 18819,
      "FN": 2282,
      "TP": 52119
    }
  },
  "goes2017_reference": {
    "TSS": 0.7931,
    "POD": 0.8438,
    "POFD": 0.0556,
    "HSS": 0.7969
  },
  "generalization_gap": {
    "TSS": -0.37943724021902003,
    "POD": 0.11425224168673376,
    "POFD": 0.4887894819057538,
    "HSS": -0.4497996748865938
  }
}